32 bytes,64 bytes,128 bytes,256 bytes,512 bytes,1024 bytes,2048 bytes,4096 bytes,8192 bytes,16384 bytes,32768 bytes
10,19,3,3,4,5,5,6,1,7,8,
1,1,2,4,4,5,5,6,0,8,8,
0,1,3,3,5,4,6,6,0,7,12,
1,1,2,4,4,6,7,8,0,8,8,
1,2,2,4,4,4,6,6,1,8,7,
0,1,7,3,4,5,5,7,0,8,8,
1,1,3,3,5,5,6,6,1,8,8,
0,1,3,3,4,4,6,7,0,8,8,
1,1,2,4,4,5,6,6,1,8,8,
0,1,3,4,4,5,5,7,0,8,8,
0,1,3,4,4,4,6,6,0,8,8,
0,2,2,4,4,5,6,6,0,8,8,
1,1,2,4,4,5,5,6,1,7,9,
0,1,3,3,4,5,6,6,1,7,8,
1,1,2,4,4,5,6,6,0,8,8,
1,1,2,4,4,10,5,7,0,7,9,
0,1,3,3,4,5,5,6,1,7,8,
0,2,2,4,4,5,5,6,1,7,8,
1,1,2,4,4,4,6,6,0,8,8,
1,1,3,4,6,5,6,6,0,8,8,
0,1,3,3,4,5,5,6,0,7,8,
1,1,2,4,4,5,5,7,0,8,9,
0,2,2,4,4,5,5,7,1,7,9,
0,1,3,3,4,5,5,6,1,8,8,
1,1,4,3,4,4,6,6,0,8,8,
1,1,2,4,4,5,5,7,0,13,8,
1,1,2,4,3,5,6,6,1,7,8,
1,1,3,3,4,5,5,6,1,7,8,
1,1,2,4,4,5,5,6,1,8,8,
0,1,3,3,4,5,5,7,0,8,8,
0,1,3,3,4,5,6,6,0,8,8,
0,2,2,3,4,4,6,6,1,7,8,
1,1,2,4,4,5,5,7,0,8,8,
0,2,2,4,4,5,5,6,1,8,8,
0,1,3,3,4,5,5,7,0,8,8,
0,2,2,4,4,5,5,7,0,8,8,
0,1,3,3,4,5,6,6,0,8,8,
0,1,2,3,5,5,5,6,1,7,9,
0,1,3,3,4,5,6,7,0,8,8,
1,1,2,4,4,5,6,6,1,7,9,
0,1,3,3,4,5,6,6,1,7,9,
0,1,3,3,4,5,6,6,1,7,9,
0,1,3,3,4,5,6,6,1,8,8,
0,1,3,4,4,4,5,7,0,8,8,
1,1,3,3,4,5,5,7,0,8,8,
1,1,2,4,4,5,5,7,0,8,8,
1,1,3,3,4,5,11,6,0,8,8,
1,1,2,4,4,5,6,6,0,8,8,
0,2,2,3,5,5,5,7,0,8,8,
0,1,2,4,4,4,5,6,0,8,8,
0,1,3,3,4,5,6,6,1,7,8,
1,1,2,4,4,5,5,7,0,8,8,
0,1,2,4,4,5,5,7,0,8,8,
0,2,2,4,4,5,5,7,0,8,8,
0,1,3,3,5,4,6,6,1,7,9,
0,1,3,3,4,5,6,6,0,8,8,
0,1,3,3,4,5,5,7,0,7,9,
0,1,3,3,4,5,5,7,0,8,8,
1,1,2,4,4,5,5,7,0,7,8,
1,1,3,3,4,5,6,6,0,8,8,
1,1,2,4,4,5,6,6,1,7,8,
1,1,3,3,4,5,6,6,1,7,8,
1,1,2,4,4,5,5,6,0,8,8,
0,1,3,3,4,5,5,6,1,7,9,
0,1,3,4,4,5,5,7,0,8,8,
0,1,3,3,4,5,6,6,1,7,8,
1,1,2,4,4,5,5,6,1,7,9,
0,1,3,3,9,5,6,6,0,8,8,
0,1,3,3,4,5,5,7,0,8,8,
0,1,3,3,4,5,6,6,1,7,8,
0,1,3,3,4,5,5,7,0,8,8,
0,1,3,3,4,5,6,6,0,8,8,
1,1,2,4,4,5,5,6,1,8,8,
0,1,3,3,4,5,6,7,0,8,8,
0,1,3,3,5,4,6,6,1,7,8,
1,1,2,4,4,5,5,6,1,7,8,
0,1,3,3,4,5,5,6,1,7,8,
1,1,2,4,4,5,5,7,0,8,8,
0,1,3,3,4,5,5,7,0,8,8,
0,1,3,3,4,5,5,7,1,7,8,
1,1,2,3,4,5,5,8,2,8,8,
1,1,2,3,4,4,6,6,1,8,7,
0,1,3,3,4,5,6,6,1,7,8,
1,1,2,4,4,5,6,6,1,7,9,
0,1,3,4,4,5,6,6,0,7,8,
0,1,3,4,4,5,5,7,0,8,8,
0,1,3,3,4,5,5,7,0,8,8,
0,2,2,4,4,5,5,7,0,8,8,
0,1,3,3,4,5,6,6,1,7,8,
1,1,3,3,4,5,5,6,1,7,8,
1,1,3,3,4,5,6,6,0,8,8,
1,1,2,4,4,5,5,7,0,8,8,
1,1,3,3,4,5,6,6,1,7,8,
0,1,3,4,4,5,7,7,0,8,8,
0,1,3,3,4,5,6,6,1,8,9,
0,1,3,4,4,5,6,7,0,9,8,
0,1,3,4,4,5,5,7,1,7,8,
0,1,3,3,4,4,6,7,0,8,8,
1,1,3,3,5,4,5,7,0,8,8,
1,1,3,3,4,5,6,6,1,7,8,
